title,company,skills
Backend Developer,TechCorp,"python, django, rest api, flask, sql, postgresql, problem solving, teamwork"
Data Scientist,DataX,"python, machine learning, pandas, numpy, data analysis, statistics, r, critical thinking"
Frontend Developer,Webify,"html, css, javascript, react, vue, typescript, sass, teamwork"
DevOps Engineer,CloudNet,"linux, aws, docker, kubernetes, terraform, ci/cd, jenkins, adaptability, problem solving"
Full Stack Developer,Innovatech,"javascript, python, react, django, node.js, sql, mongodb, adaptability, teamwork"
Mobile Developer,AppWorks,"swift, ios, objective-c, android, kotlin, react native, adaptability"
Data Engineer,DataFlow,"python, sql, spark, hadoop, aws, airflow, kafka, problem solving"
QA Engineer,QualityPlus,"selenium, python, testing, jira, automation, cucumber, time management, communication, teamwork"
Product Manager,ManageIt,"agile, scrum, communication, leadership, roadmap, jira, time management, teamwork"
UX Designer,DesignStudio,"adobe xd, figma, user research, wireframing, prototyping, photoshop, communication"
Security Analyst,SafeNet,"network security, penetration testing, firewalls, linux, aws, kali linux, problem solving"
Cloud Architect,CloudBase,"aws, azure, google cloud, terraform, kubernetes, docker, adaptability"
AI Engineer,NextGenAI,"python, tensorflow, pytorch, deep learning, nlp, computer vision, problem solving"
Business Analyst,BizConsult,"sql, communication, documentation, data analysis, excel, powerpoint, critical thinking"
System Administrator,NetOps,"linux, windows server, networking, virtualization, scripting, powershell, leadership"
Database Administrator,DataSafe,"sql, oracle, mysql, performance tuning, backups, replication"
Machine Learning Engineer,MLTech,"python, tensorflow, scikit-learn, data mining, deep learning, critical thinking"
Game Developer,FunGames,"c++, unity, unreal engine, 3d modeling, graphics programming, teamwork"
Technical Writer,DocuWrite,"writing, documentation, markdown, xml, communication, time management"
Blockchain Developer,CryptoWorks,"solidity, ethereum, smart contracts, blockchain, python, javascript, problem solving"
Embedded Systems Engineer,EmbedTech,"c, c++, microcontrollers, iot, real-time systems, adaptability"
AI Researcher,InnovAI,"machine learning, deep learning, python, research, mathematics, nlp, critical thinking"
Data Visualization Specialist,VizLab,"tableau, power bi, d3.js, javascript, data storytelling, communication"
Cloud Security Engineer,SecureCloud,"aws, azure, security, compliance, firewalls, encryption, adaptability"
Network Engineer,NetSolutions,"routing, switching, cisco, networking protocols, firewall management, teamwork"
Scrum Master,AgileWorks,"scrum, agile, facilitation, team leadership, jira, leadership, teamwork"
Mobile QA Tester,AppTesters,"testing, automation, android, ios, selenium, communication"
VR Developer,VirtualWorks,"unity, c#, 3d modeling, vr hardware, unreal engine, teamwork"
IT Support Specialist,HelpDeskCo,"troubleshooting, customer support, hardware, software, networking, adaptability, communication"
